{
  "n_hospitals_total": 1254,
  "n_hospitals_analyzed": 547,
  "min_cases_threshold": 20,
  "states": [
    "SP",
    "RJ",
    "MG",
    "BA"
  ],
  "stage1_cv_r2": -0.01607358590673369,
  "stage1_cv_r2_std": 0.2740966593402576,
  "stage1_cv_mae": 0.3446941828625777,
  "stage3_cv_r2": 0.3747076969487887,
  "stage3_cv_r2_std": 0.21079370684198612,
  "stage3_cv_mae": 0.3446941828625777,
  "n_overperformers": 15,
  "n_underperformers": 245,
  "top_structural_features": {
    "doctors_per_bed": 0.18667996974520423,
    "nurses_per_bed": 0.1832714174227109,
    "n_nurses": 0.09596898208647905,
    "total_beds_sus": 0.09029843221171067,
    "populacao": 0.07123095352958761
  },
  "top_operational_features": {
    "longstay_rate": 0.3777193852020696,
    "sameday_rate": 0.15308893363004444,
    "urologists_per_100_cases": 0.05497271998396316,
    "total_volume": 0.051867653244415834,
    "pct_monday": 0.05177872910039375
  },
  "top_overperformer": {
    "cnes": "4617118",
    "state": "BA",
    "broad_type": "unknown",
    "mean_los": 0.0,
    "expected_los": 1.4379560612950353,
    "overperf_score": 1.4379560612950353,
    "comparability_group": "unknown",
    "fair_rank": 1,
    "fair_group_size": 234
  },
  "hospital_classification": {
    "n_comparability_groups": 23,
    "n_hospital_geral": 293,
    "n_hospital_dia": 4,
    "n_hospital_especializado": 10
  },
  "cross_state": {
    "stage1_r2": -0.07665371274442068,
    "stage1_mae": 1.2926950242008237,
    "stage3_r2": 0.33867355924061615,
    "stage3_mae": 0.9729763057600742
  }
}